番号,難易度,問題文,回答,ボタン1,ボタン2,ボタン3,ボタン4,説明1,説明2,説明3,説明4
1,easy,にゃ～んと鳴く動物は？,猫,犬,猫,人間,ゴリラ,犬はワン,それはそう,そういう時もある,ゴリラはウホ
2,easy,鼻の長い動物は？,ゾウ,ゾウ,ワニ,サイ,カバ,ゾウは、その長い鼻で何でも掴むよ。,ワニは、口が大きいけど鼻は長くないよ。,サイは、角が大きいよ。,カバは、口が大きいね。
3,easy,首の長い動物は？,キリン,ウマ,キリン,サル,ヘビ,ウマの首も長いけど、キリンには負けるよ。,キリンの首の長さは、約２メートルあるよ。,サルは、腕が長いけど首は長くないよ。,ヘビは、体は長いけど首はあるかな？
4,easy,モーと鳴く動物は？,ウシ,ヒツジ,ヤギ,ウマ,ウシ,ヒツジは、メェーと鳴くよ。,ヤギは、メェーと鳴くよ。,ウマは、ヒヒーンと鳴くよ。,そうその通り、ウシはモーと鳴くね。
5,easy,チューチュー鳴く動物は？,ネズミ,猫,フクロウ,ネズミ,ウマ,猫の鳴き声は、ニャ～ンかニャオだね。,フクロウは、ホーホーと鳴くよ。,そうだね、ネズミはチューチュー鳴くね。,ウマは、ヒヒーンと鳴くよ。
6,easy,ブヒブヒ鳴く動物は？,ブタ,スズメ,ブタ,犬,ウマ,スズメは、チュンチュンと鳴くね。,そうその通り、ブタはブヒブヒ鳴くね。,犬は、ワンと鳴くよ。,ウマは、ヒヒーンと鳴くよ。
7,normal,百獣の王といわれる動物は？,ライオン,クマ,ライオン,ゾウ,トラ,クマも大きいけど、違うよ。,そうだね、ライオンは百獣の王といわれるね。,ゾウは、大きいけど百獣の王とはいわれないよ。,トラは、同じネコ科の動物だけど百獣の王とはいわれないよ。
8,normal,世界一地上を速く走る動物は？,チーター,ライオン,トラ,ヒョウ,チーター,ライオンは、群れで生活するので、走るのはそんなに速くないよ。,トラは、泳ぎが得意だけど、走るのはあまり速くないよ。,ヒョウは、夜行性で木登りが得意だけど、そんなに速くないよ。,チーターは、時速100～110㎞で走ると言われているよ。走り始めてから3秒程度でこの最高速度になるらしいよ。
9,easy,コケコッコーと鳴く動物は？,ニワトリ,ニワトリ,ハト,カラス,インコ,そうだね、ニワトリの鳴き声はコケコッコーだよね。,ハトは、クックルーと鳴くね。,カラスは、カーカーと鳴くよ。,インコは、モノマネが得意だから鳴けるかもしれないね。
10,easy,空を飛ぶ動物は？,スズメ,ペンギン,ダチョウ,スズメ,ムササビ,ペンギンは、陸上をヨチヨチ歩くのが特徴的だね。水の中をスイスイ泳ぐけど、空は飛べないよ。,ダチョウは、地上を走るのは速い鳥だけど、飛ぶことはできないよ。,そうその通り、スズメは小さいけど遠くまで飛べるよ。,ムササビは、飛んでるように見えるけど、木から木へ飛び移っているから地上から飛ぶことはできないね。
11,easy,しっぽが長い動物は？,ワニ,キツネ,猫,ワニ,サル,キツネのしっぽは、だいたい26～50cmくらいです。ケープギツネなどは、体長と同じくらいの長さのしっぽをもっているそうです。,猫は、しっぽの長い種類だとおよそ25～30cmほどです。ワニにはかなわないね。,ワニは、しっぽの長さが250～350cmあるらしいよ。,しっぽの長いサルで知られる「ワオキツネザル」しっぽの長さは56～62.4cmあるけど、ワニにはかなわないな。
12,easy,世界一大きな動物は？,クジラ,クジラ,ゾウ,サメ,イルカ,「シロナガスクジラ」は、体長がおよそ30m、体重が150tで、とても大きいよ。,ゾウは、陸上哺乳類で最大の動物だけど、クジラの方が大きいよ。オスはおよそ6トン、メスでおよそ4トンまで成長するよ。,サメも大きいけど、体長は約4.3m、体重は約540kgでクジラよりは小さいよ。,イルカは、体長約４m、体重は６５０ｋｇくらいなので、クジラほど大きくならないよ。
13,normal,世界一寿命が長い動物は？,カメ,ヘビ,トカゲ,カメ,カエル,ヘビの種類で違いはあるけど、大体15～25年程度の寿命のようだよ。,小型のトカゲは5～10年、中型のトカゲは10～20年、大型のトカゲ「コモドドラゴン」は、約40?60年も生きるみたいだけど、カメの方が長生きだよ。,カメの中でも「ガラパゴスゾウガメ」は、寿命が250年以上と言われているよ。体の中に水を貯めることができるので、1年間飲まず食わずでも生きていけるんだって、スゴイね。,カエルの種類で違うけど、アマガエルは5～7年、ヨーロッパヒキガエルは10～12年で、30年以上も生き続けたカエルの記録もあるようだけど、カメほど長生きじゃないよ。
14,normal,世界一速く泳ぐ魚は？,カジキ,カジキ,サメ,マンボウ,カツオ,カジキの種類で「バショウカジキ」は、時速100㎞で水中を泳ぐことができるよ。,サメは、どこかに移動する時はだいたい時速8㎞のスピードで泳ぎ、獲物を追う時のスピードは最高で時速55㎞といわれているから、カジキほど速くないよ。,マンボウは、魚なのに泳ぎがあまりうまくなくて、ぷかぷかと海面に浮かんでいるよ。,カツオは、時速60kmで泳ぐけど、カジキにはかなわないね。
15,easy,世界一大きな鳥は？,ダチョウ,白鳥,クジャク,アヒル,ダチョウ,白鳥の種類で違いはあるけど、コハクチョウは全長120～150㎝ほど、オオハクチョウは全長140～165cmほどの大きさだよ。,クジャクの種類で違いはあるけど、インドクジャクのオスの大きさは180～230cm、メスの大きさは90～100cmの大きさだよ。,アヒルは、全長50～80cmほどなので、あまり大きくないよ。,ダチョウは、体長が約250cm、体重が約150㎏あるとても大きな鳥だよ。
16,easy,笹が好物の動物は？,パンダ,サル,パンダ,クマ,ライオン,野生のサルは、森の中で自生する植物の実や若葉、昆虫類などを食べて暮らしているけど、笹は好物ではないよ。,パンダは、笹が大好きだよ。でも雑食だから、笹以外も食べるよ。,クマは、雑食で何でも食べるけど、笹は食べないよ。,ライオンは、肉食なので、笹は食べないよ。
17,easy,ユーカリの葉っぱを食べる動物は？,コアラ,コアラ,アリクイ,キリン,ウシ,そうだね、コアラは、ユーカリの葉っぱを食べるよ。,アリクイは、名前の通り蟻を食べるよ。,キリンは、葉っぱを食べるけど、ユーカリの葉っぱは食べないよ。,ウシは、牧草を食べるので、ユーカリの葉っぱは食べないよ。
18,easy,ほとんど土の中で生活している動物は？,モグラ,モグラ,キツネ,犬,イノシシ,その通り、モグラは、土の中で生活するので目が見えないよ。,キツネは、穴の中で生活するけど、土の中ではないよ。,犬は、土を掘ったりするけど、土の中で生活はしていないよ。,イノシシは、里山の雑木林などを好むので、身体を隠すことができる草むらや藪に棲むことが多い。
19,easy,背中にコブがあり、砂漠の移動に使われる動物は？,ラクダ,ウマ,犬,ラクダ,ヤギ,ウマは、砂漠の移動にも使われるけど、コブはないよ。,犬は、砂漠にいるかもしれないけど、コブはないよ。,そうだね、ラクダは砂漠の移動に良く使われるね。背中のコブで栄養を蓄えているよ。,ヤギは、砂漠の移動には使わないよ。コブも持っていません。
20,easy,体の色を様々に変えられる動物は？,カメレオン,トカゲ,ヘビ,ワニ,カメレオン,トカゲは、体の色は変化しないよ。,ヘビは、成長の過程で色や模様が変化するけど、カメレオンのように様々に変えることはできないよ。,ワニは、体の色は変えることはできないよ。,そうその通り、カメレオンは、環境によって様々な色に体の色を変えられるよ。
21,easy,全身がピンク色で片足で立つ鳥は？,フラミンゴ,フラミンゴ,ペリカン,白鳥,カラス,そうその通り、フラミンゴは、エビやカニや藻を食べるので、全身がピンク色です。気温が低くなると体が冷えるのを防ぐために足を羽毛に入れて片足で立っています。,ペリカンは、全身は白いよ。大きくて黄色いくちばしが特徴だよ。,白鳥は、白色と黒色はいるけどピンク色の白鳥はいないよ。,カラスは、黒いのが多いね、黒以外もいるけど、ピンク色のカラスはいないよ。
22,normal,この中で赤い汗をかく動物は？,カバ,サイ,ヌー,カバ,ゾウ,サイは、肉眼で確認できるほどの汗はかきません。,ヌーは、ウシ科の動物なので、ウシと同じく鼻づらや上半身で汗をかいていると思うので、赤い汗はかかないよ。,そうその通り、カバは赤い汗をかくよ。赤い汗の膜で皮膚の乾燥や、日焼け、細菌感染を防いでいるよ。,ゾウの体には汗をかくための汗腺がないので、汗をかくことはできないよ。
23,hard,日本の特別天然記念物に指定されている鳥は？,トキ,ワシ,カモ,トキ,ヤンバルクイナ,「イヌワシ」や「オオワシ」は天然記念物に指定されているけど、特別天然記念物ではないし、ワシの種類全部が天然記念物でもないんだ。,カモは、天然記念物や特別天然記念物には指定はされていないよ。,そう、特別天然記念物にトキは指定されているよ。他にもアホウドリやコウノトリも指定されているよ。,おしい、ヤンバルクイナは天然記念物に指定されているけど、特別天然記念物じゃないんだ。
24,hard,千葉県でサメは、その外見から何と呼ばれているでしょうか？,オバサン,オジサン,オバサン,オニイサン,オネエサン,正式名称も「オジサン（スズキ目ヒメジ科の魚）」という魚がいるけど、千葉県のサメの別名ではないよ。下あごから2本のヒゲが生えていることから、「オジサン」と命名されたそうです。,そうその通り、千葉県の漁師さんの間では「見た目がオバサンっぽいから」という理由で、ヨシキリザメのことを「オバサン」と呼んでいるそうです。,オニイサンという名前の魚や別名はありませんでした。,オネエサンという魚の名前や別名はありませんでした。
25,hard,カメは人間と同じ肺呼吸をしています。鼻でも呼吸しますが、鼻以外の呼吸する場所はどこでしょう？,おしり,甲羅,足,おしり,頭,カメは、甲羅で呼吸しません。,カメは、足で呼吸できません。,そう、カメは「おしり」で呼吸ができるのです。,カメは、頭で呼吸はできません。
26,normal,水族館のショーでお馴染みのイルカのジャンプ、ジャンプする理由はどれでしょう？,皮膚をキレイにするため,皮膚をキレイにするため,空を飛ぶ練習,日を浴びて身体を温めている,飛ぶと楽しいから,そう、イルカの皮膚は古い皮膚がはがれるけど、はがれ残ってしまうんだ。その残った皮膚を落とすためにジャンプするよ。,気持ちは空を飛んでるかもしれないね。でも空を飛ぶためじゃないよ。,日を浴びているように見えるかもしれないけど、違う理由があるよ。,楽しいように見えるけど、違う理由がちゃんとあるよ。
27,normal,ウシの胃袋はいくつある？,４つ,１つ,２つ,３つ,４つ,１つの胃袋は、人や犬や猫が挙げられるね、でもウシは１つじゃないよ。,２つの胃袋は、ニワトリや鳥類だけど、ウシは２つじゃないよ。,３つの胃袋は、ラクダやアルパカにあるよ、でもウシの胃袋はもっと多いよ。,そうビックリするけど、ウシは、４つの胃袋を持っているよ。ウシ以外にもヒツジやヤギも胃袋が４つあるよ。
28,normal,上の前歯がない動物は？,キリン,猫,キリン,犬,クマ,猫は、上にも前歯あります。,その通り、キリンは上あごの前歯はありません。キリン以外にもウシやヤギも前歯がありません。,犬は、前歯があります。,クマは、前歯あります。
29,hard,シマウマの鳴き声はどれでしょう？,ワンワン,コンコン,モーモー,ワンワン,ヒヒーン,コンコンは、キツネの鳴き声だよ。,モーモーは、ウシの鳴き声だよ。,そう、犬の鳴き声みたいだけど、シマウマは「ワンワン」と鳴くよ。,ウマと同じ仲間だからヒヒーンと鳴くと思うよね、でもシマウマの鳴き声はヒヒーンじゃないよ。
30,easy,ブタは何の野生動物を家畜にしたのでしょうか？,イノシシ,シカ,ウシ,ヒツジ,イノシシ,シカではないよ。,ウシを小さくしたわけでもないよ。,ヒツジではないよ。,そう、ブタはおとなしいイノシシ同士を交配させて家畜にしたんだよ。
31,normal,イルカを漢字で書くとでれでしょう？,海豚,河豚,水豚,海豚,海星,河豚、と書いて「フグ」と読むよ。,水豚、と書いて「カピバラ」と読むよ。,その通り、海豚と書いて「イルカ」と読むよ。,海星、と書いて「ヒトデ」と読むよ。
32,hard,最も長い飛行をする鳥はどれですか？,コクガン,ハヤブサ,コクガン,アホウドリ,ツバメ,ハヤブサは短距離で非常に速く飛ぶことができますが、長距離の飛行はしません。,"コクガンは 1 年間に最大で 70,000 キロメートルの距離を飛行します。",アホウドリは長距離を飛行することができますが、年間飛行距離はコクガンより短いです。,ツバメは長距離移動する渡り鳥ですが、飛行距離はコクガンほど長くありません。
33,hard,唯一飛ぶことができる哺乳類はどれですか？,コウモリ,サル,コウモリ,リス,カモノハシ,サルは木に飛び移ることはできるかもしれないけど、飛ぶことはできないよ。,コウモリは唯一の飛ぶことができる哺乳類です。,リスは滑空することができますが、飛ぶことはできません。,カモノハシは飛ぶことができません。
34,normal,最も大きな陸上肉食動物はどれですか？,ホッキョクグマ,ハイエナ,トラ,ライオン,ホッキョクグマ,ハイエナは体重が最大で 80 キログラムに達することがあります。,トラは体重が最大で 300 キログラムに達することがあります。,ライオンは体重が最大で 250 キログラムに達することがあります。,ホッキョクグマは最大で体重 700 キログラムに達することがあります。
35,easy,唯一、真珠を作る動物はどれですか？,真珠貝,真珠貝,エビ,イカ,タコ,真珠貝は自然に真珠を作ることで知られています。,エビは真珠を作ることはできません。,イカは真珠を作ることはできません。,タコは真珠を作ることはできません。
36,normal,最も多くの言葉を覚えることができる鳥はどれですか？,オウム,オウム,カナリア,ハト,フクロウ,オウムは最も多くの言葉を覚えることができる鳥として知られています。,カナリアは美しい歌を歌うことができますが、多くの言葉を覚えることはできません。,ハトは簡単な指示を覚えることができますが、多くの言葉を覚えることはできません。,フクロウは狩りに優れていますが、多くの言葉を覚えることはできません。
37,easy,最も大きな卵を産む動物はどれですか？,ダチョウ,ワニ,ペンギン,ダチョウ,カメ,ワニの卵は大きいですが、ダチョウの卵よりも小さいです。,ペンギンの卵は大きいですが、ダチョウの卵よりも小さいです。,ダチョウは最も大きな卵を産み、その重さは最大で 1.4 キログラムに達します。,カメの卵は大きいですが、ダチョウの卵よりも小さいです。
38,hard,最も小さな哺乳類はどれですか？,トガリネズミ,トガリネズミ,チワワ,ハツカネズミ,コウモリ,トガリネズミは最も小さな哺乳類で、体重は 2 グラム程度です。,チワワは小型犬ですが、トガリネズミほど小さくはありません。,ハツカネズミは小さいですが、トガリネズミほど小さくはありません。,コウモリの中には小型種もいますが、トガリネズミほど小さくはありません。
39,easy,最も長い距離を泳ぐことができる哺乳類はどれですか？,クジラ,アシカ,クジラ,イルカ,カワウソ,アシカは泳ぎが得意ですが、クジラほどの長距離は泳ぎませ ん。,クジラは長距離を泳ぐことで知られ、年間数千キロメートルを移動します。,イルカは泳ぎが得意ですが、クジラほどの長距離は泳ぎません。,カワウソは泳ぎが得意ですが、クジラほどの長距離は泳ぎません。
40,hard,唯一の有毒な哺乳類はどれですか？,ツチブタ,カモノハシ,オオカミ,ツチブタ,アルマジロ,カモノハシは毒を持っていますが、有毒ではありません。,オオカミは有毒ではありません。,ツチブタは有毒な唾液を持ち、獲物を麻痺させることができます。,アルマジロは有毒ではありません。
41,normal,最も大きな脳を持つ動物はどれですか？,クジラ,ヒト,ゾウ,ゴリラ,クジラ,ヒトの脳は約 1.4 キログラムですが、クジラは8キログラムあるのでかなわないですね。,ゾウも大きな脳を持っています。しかし、ゾウの脳は6キログラムなので、8キログラムあるクジラにはかないません。,ゴリラの脳は約 0.6 キログラムです。クジラは8キログラムあるのでかなわないですね。,クジラは非常に大きな脳を持ち、その重さは約 8 キログラムに達します。
42,normal,最も高いジャンプをする動物はどれですか？,カンガルー,ヤマネ,カンガルー,バッタ,ウサギ,ヤマネは高くジャンプできますが、カンガルーほどではありません。,カンガルーは最大で 3 メートルの高さまでジャンプすることができます。,バッタは体長の数倍の高さをジャンプできますが、カンガルーほどではありません。,ウサギは高くジャンプできますが、カンガルーほどではありません。
43,hard,最も長く冬眠する動物はどれですか？,ハリネズミ,クマ,リス,カメ,ハリネズミ,クマは通常数ヶ月間冬眠しますが、最大で 8 ヶ月間冬眠するハリネズミにはかなわないよ。,リスは短期間の冬眠を繰り返しますので、、最大で 8 ヶ月間冬眠するハリネズミにはかなわないよ。,カメは通常数ヶ月間冬眠しますが、、最大で 8 ヶ月間冬眠するハリネズミにはかなわないよ。,ハリネズミは最大で 8 ヶ月間冬眠することがあります。
44,hard,最も毒性が強い動物はどれですか？,ヒョウモンダコ,ヒョウモンダコ,クラゲ,サソリ,ヘビ,ヒョウモンダコの毒は人間を数分で殺すことができます。,クラゲの中には非常に毒性の強い種もいますが、ヒョウモンダコほどではありません。,サソリの毒は危険ですが、ヒョウモンダコほどではありません。,ヘビの中には非常に毒性の強い種もいますが、ヒョウモンダコほどではありません。
45,normal,最も多くの子を産む動物はどれですか？,ウサギ,イヌ,ネズミ,ウサギ,ネコ,イヌは 1 回の出産で最大 12 匹の子を産むことがありますが、ウサギほど頻繁には産みません。,ネズミは 1 回の出産で最大 10 匹の子を産むことがあります。しかし、ウサギの方が、出産数や期間が多いのでかないません。,ウサギは 1 回の出産で最大 12 匹の子を産むことがあります。,ネコは 1 回の出産で最大 8 匹の子を産むことがあります。しかし、ウサギの方が、出産数や期間が多いのでかないません。
46,hard,最も高い木に登ることができる動物はどれですか？,ヒョウ,サル,ヒョウ,リス,ゴリラ,サルは木に登ることができますが、ヒョウほどの高さには登りません。,ヒョウは非常に高い木に登ることができ、その高さは最大で 10 メートル以上に達します。,リスは木に登ることができますが、ヒョウほどの高さには登りません。,ゴリラは木に登ることができますが、ヒョウほどの高さには登りません。
47,normal,最も寒さに強い動物はどれですか？,ホッキョクグマ,アザラシ,トナカイ,ペンギン,ホッキョクグマ,アザラシは寒さに強いですが、ホッキョクグマほどではありません。,トナカイは寒さに強いですが、ホッキョクグマほどではありません。,ペンギンは寒さに強いですが、ホッキョクグマほどではありません。,ホッキョクグマは氷点下 40 度以下の環境でも生きることができます。
48,normal,最も大きな飛べる鳥はどれですか？,コンドル,アホウドリ,ダチョウ,コウノトリ,コンドル,アホウドリは翼を広げると2メートル以上あるようですが、3メートル以上あるコンドルよりは小さいです。,ダチョウは最も大きな鳥ですが、飛ぶことができません。飛べる大きな鳥は、コンドルになります。,コウノトリは翼を広げると約 2.5 メートルになります。しかし、コンドルは3メートル以上もあるのでかないません。,コンドルは翼を広げると最大で 3 メートル以上にもなります。
49,hard,唯一の有袋類で、アメリカ大陸に生息する動物はどれですか？,オポッサム,カンガルー,オポッサム,コアラ,タスマニアデビル,カンガルーは有袋類ですが、オーストラリアに生息します。,オポッサムは唯一の有袋類で、アメリカ大陸に生息します。,コアラも有袋類ですが、オーストラリアに生息します。,タスマニアデビルは有袋類ですが、タスマニアに生息します。
50,hard,最も遠くまで声が届く動物はどれですか？,クジラ,トラ,オオカミ,クジラ,ヒト,トラの吠え声は約 3 キロメートルまで届きます。しかし、クジラの声は水中で数百キロメートル先まで届くのでかないませんね。,オオカミの遠吠えは遠くまで届きますが、クジラの声は水中で数百キロメートル先まで届くのでかないませんね。,クジラの声は水中で数百キロメートル先まで届くことがあります。,ヒトの声は遠くまで届きますが、クジラの声は水中で数百キロメートル先まで届くのでかないませんね。
51,hard,唯一の毒を持つ鳥はどれですか？,ホウセキドリ,キウイ,ホウセキドリ,カササギ,フクロウ,キウイは毒を持ちません。,ホウセキドリは唯一の毒を持つ鳥で、その羽毛に神経毒があります。,カササギは毒を持ちません。,フクロウは毒を持ちません。
52,easy,最も深く潜ることができる哺乳類はどれですか？,クジラ,カワウソ,イルカ,クジラ,アザラシ,カワウソは浅い水域で生活します。なので、クジラのように深く潜ることはありません。,イルカは深く潜りますが、クジラほどではありません。,クジラ、特にマッコウクジラは 3000 メートル以上の深さまで潜ることができます。,アザラシは深く潜りますが、クジラほどではありません。
53,hard,最も高い木を登ることができる哺乳類はどれですか？,オランウータン,コアラ,パンダ,サル,オランウータン,コアラは木に登ることができますが、オランウータンほど高くは登りません。,パンダは木に登ることができますが、オランウータンほど高くは登りません。,サルも木に登りますが、オランウータンほど高くは登りません。,オランウータンは非常に高い木に登ることができます。
54,easy,最も強い噛む力を持つ動物はどれですか？,ナイルワニ,ヒョウ,ナイルワニ,ライオン,トラ,ヒョウも強い噛む力を持っていますが、ワニほどではありません。,ナイルワニは最も強い噛む力を持ち、その力は約 5000ポンドに達します。,ライオンは強い噛む力を持っていますが、ワニほどではありません。,トラも強い噛む力を持っていますが、ワニほどではありません。
55,hard,最も長い距離を移動する哺乳類はどれですか？,クジラ,ヒト,トナカイ,カリブー,クジラ,ヒトは長距離を移動することができますが、クジラほどではありません。,トナカイは毎年数千キロメートルを移動しますが、クジラほどではありません。,カリブーは毎年数千キロメートルを移動しますが、クジラほどではありません。,クジラ、特にザトウクジラは年間約 8000 キロメートルを移動します。
56,normal,最も大きな目を持つ動物はどれですか？,イカ,イカ,フクロウ,クジラ,ゾウ,イカの目は直径約 30 センチメートルに達します。,フクロウは大きな目を持っていますが、イカほどではありません。,クジラは大きな目を持っていますが、イカほどではありません。,ゾウは大きな目を持っていますが、イカほどではありません。
57,easy,最も音に敏感な動物はどれですか？,コウモリ,ウサギ,イヌ,コウモリ,ネコ,ウサギは非常に敏感な耳を持っていますが、コウモリほどではありません。,イヌは非常に敏感な耳を持っていますが、コウモリほどではありません。,コウモリはエコーロケーションを使用して音を非常に敏感に感じ取ります。,ネコは非常に敏感な耳を持っていますが、コウモリほどではありません。
58,hard,最も高く飛ぶことができる鳥はどれですか？,オオアマサギ,ハクトウワシ,オオアマサギ,ツバメ,ペリカン,ハクトウワシは高く飛ぶことができますが、オオアマサギほどではありません。,オアマサギは飛行高度が最大で 1 万メートルに達することがあります。,ツバメは高く飛ぶことができますが、オオアマサギほどではありません。,ペリカンは高く飛ぶことができますが、オオアマサギほどではありません。
59,easy,最も多くの種類の花粉を運ぶことができる動物はどれですか？,ハチ,ハチ,チョウ,コウモリ,ハチドリ,ハチは多くの種類の花粉を運び、植物の受粉に重要な役割を果たします。,チョウも花粉を運びますが、ハチほど多くの種類の花粉を運びません。,コウモリも花粉を運びますが、ハチほど多くの 種類の花粉を運びません。,ハチドリも花粉を運びますが、ハチほど多くの種類の花粉を運びません。
60,normal,最も小さな哺乳類はどれですか？,トガリネズミ,ハムスター,ネズミ,ウサギ,トガリネズミ,ハムスターは小さな哺乳類ですが、トガリネズミほど小さくはありません。,ネズミは小さな哺乳類ですが、トガリネズミほど小さくはありません。,ウサギは小さな哺乳類ですが、トガリネズミほど小さくはありません。,トガリネズミは最も小さな哺乳類で、体長は約 5 センチメートルです。
61,hard,唯一の毒を持つ哺乳類はどれですか？,カモノハシ,ハリネズミ,カモノハシ,ウサギ,モグラ,ハリネズミは毒を持ちません。,カモノハシのオスは後肢に毒針を持ちます。,ウサギは毒を持ちません。,モグラは毒を持ちません。
62,hard,最も大きなカエルはどれですか？,ゴライアスガエル,ツノガエル,アマガエル,ゴライアスガエル,ウシガエル,ツノガエルは大きなカエルですが、ゴライアスガエルほどではありません。,アマガエルは小さなカエルです。,ゴライアスガエルは最大で体長 30 センチメートル、体重 3 キログラムになります。,ウシガエルは大きなカエルですが、ゴライアスガエルほどではありません。
63,easy,最も高く飛び跳ねる昆虫はどれですか？,バッタ,バッタ,コオロギ,ゴキブリ,アリ,バッタは自身の体長の数倍の高さまで飛び跳ねることができます。,コオロギは高く飛び跳ねますが、バッタほどではありません。,ゴキブリは飛び跳ねることができますが、バッタほどではありません。,アリは高く飛び跳ねることはできません。
64,easy,最も多くの種類の植物を食べる動物はどれですか？,ヤギ,パンダ,ゴリラ,ヤギ,ゾウ,パンダは竹を主食としていますが、他の植物も食べます。しかし、ヤギほどではありません。,ゴリラは多くの種類の植物を食べますが、ヤギほどではありません。,ヤギは非常に多くの種類の植物を食べることができます。,ゾウは多くの種類の植物を食べますが、ヤギほどではありません。
65,easy,最も強い握力を持つ動物はどれですか？,ゴリラ,チンパンジー,オランウータン,ヒト,ゴリラ,チンパンジーも強い握力を持っていますが、ゴリラほどではありません。,オランウータンも強い握力を持っていますが、ゴリラほどではありません。,ヒトの握力はゴリラほど強くありません。,ゴリラの握力は最大で約 500 キログラムに達します。
66,normal,最も長く生きる魚はどれですか？,コイ,ヒラメ,コイ,サメ,マグロ,ヒラメも10～20年生きるようですが、コイほど長生きではありません。,コイは 100 年以上生きることがあります。,サメは長寿の魚ですが、コイほどではありません。,マグロは長寿の魚ですが、コイほどではありません。
67,easy,最も速く空を飛ぶ鳥はどれですか？,ハヤブサ,ハト,ツバメ,スズメ,ハヤブサ,ハトは速く飛びますが、ハヤブサほどではありません。,ツバメは速く飛びますが、ハヤブサほどではありません。,スズメは速く飛びますが、ハヤブサほどではありません。,ハヤブサは急降下時に時速 300 キロメートル以上で飛ぶことができます。
68,hard,次の動物の中で、最も高くジャンプすることができるのはどれでしょう？,リス,リス,カラス,ネズミ,ウサギ,リスは非常に高くジャンプすることができます。大人のリスの場合、軽く２メートルは跳ぶことができるようです。,カラスは飛ぶことができますが、ジャンプするのは高くありません。リスほど高くジャンプしません。,ネズミは高くジャンプすることができますが、リスほどではありません。,ウサギは高くジャンプすることができますが、リスほどではありません。
69,hard,最も小さな鳥はどれですか？,ハチドリ,スズメ,ハチドリ,カナリア,ツバメ,スズメは小さな鳥ですが、ハチドリほどではありません。,ハチドリは世界で最も小さな鳥で、その体長は約 5 センチメートルです。,カナリアは小さな鳥ですが、ハチドリほどではありません。,ツバメは小さな鳥ですが、ハチドリほどではありませ ん。
70,easy,最も長い舌を持つ哺乳類はどれですか？,アリクイ,クマ,キリン,アリクイ,ライオン,クマの舌は約 25 センチメートルです。しかし、アリクイの舌は約 60 センチメートルにもなるのでかないません。,キリンの舌は約 45 センチメートルです。しかし、アリクイの舌は約 60 センチメートルにもなるのでかないません。,アリクイの舌は約 60 センチメートルにもなります。,ライオンの舌は約 15 センチメートルです。しかし、アリクイの舌は約 60 センチメートルにもなるのでかないません。
71,easy,最も長い尾を持つ鳥はどれですか？,クジャク,ワシ,ハト,スズメ,クジャク,ワシの尾は長いですが、クジャクほどではありません。,ハトの尾は長いですが、クジャクほどではありません。,スズメの尾は長いですが、クジャクほどではありません。,クジャクの尾は最大で 2 メートルに達します。
72,hard,首の骨の数が最も多い動物はどれでしょうか？,ナマケモノ,ヒト,ナマケモノ,キリン,マナティ,ヒトの首の骨の数は、７本です。ナマケモノの1種である「ミユビナマケモノ」は、首の骨が9本ある珍しい体の作りとなっています。,ナマケモノも基本的には同じく首の骨の数は7本ですが、ナマケモノの1種である「ミユビナマケモノ」は、首の骨が9本ある珍しい体の作りとなっています。,キリンはヒトよりも圧倒的に長い首を持っていますが、大きな骨7本で成り立っています。ナマケモノの1種である「ミユビナマケモノ」は、首の骨が9本あるので、キリンの首の骨の数が多くないのです。,マナティの首の骨の数は、６本です。ナマケモノの1種である「ミユビナマケモノ」は、首の骨が9本ある珍しい体の作りとなっています。
73,hard,ゾウはなぜ鼻が長くなったでしょうか？,泳いでいる時に息継ぎがしやすいから,エサが食べやすいから,体が掻きやすくなるから,物を掴みやすいから,泳いでいる時に息継ぎがしやすいから,ゾウの鼻は、器用に動かしてエサを食べたりできますが、別の理由で鼻が長くなったといわれています。,ゾウの鼻は、器用に動かすことができるので、体も掻きやすいと思いますが、別の理由で鼻が長くなったといわれています。,ゾウの鼻は骨がなく、筋肉の塊のようなものなので、物も掴みやすいと思いますが、別の理由で鼻が長くなったといわれています。,ゾウは泳ぐのも得意な生き物であり、川を渡って移動することもあります。その際に、鼻をシュノーケルのように使うと息継ぎがしやすくなるため、徐々に長い鼻の生物に進化していったと言われています。
74,hard,動物は様々な模様を持っていますが、地肌の色と体の模様の色が同じとは限りません。では、地肌と体の模様の色が同じ動物はどれでしょうか？,牛,牛,シマウマ,キリン,クマ,牛の一種である「ホルスタイン」は地肌と体の模様が同じ色をしています。,シマウマの地肌は、灰色です。なので、地肌と体の模様の色が同じではありません。,キリンの地肌は、黒みがかった肌色です。なので、地肌と体の模様の色が同じではありません。,クマ（ツキノワグマやヒグマ）の地肌は、黒色です。なので、地肌と体の模様の色が同じではありません。
75,normal,猿の1種「スローロリス」は、他の猿には無い特徴があります。それはなんでしょうか？,毒がある,アルファベットを認識できる,しっぽで歩ける,毒がある,エラ呼吸ができる,スローロリスは、アルファベットを認識できません。,スローロリスのしっぽは退化して毛の下に覆い隠されているので、しっぽで歩くことはできません。,スローロリスは、哺乳類としては珍しい毒を持った生き物です。上腕腺から出る分泌物を唾液と混ぜることによって、有害物質を生成することができます。毛づくろいをしながら毒を全身に広げることで、天敵から身を守っています。,スローロリスは、エラ呼吸はできません。
76,easy,世界三大珍獣の1匹「オカピ」。一見するとシマウマに似ているように見えますが、馬ではありません。何の仲間でしょうか？,キリン,牛,トラ,ウマ,キリン,オカピは、牛の仲間じゃないよ。,オカピは、トラの仲間じゃないよ。,オカピは、ウマの仲間のような見た目をしているけど、ウマの仲間じゃないよ。,そう、オカピは、馬の仲間のような見た目をしているけど、分類上はキリンの仲間だよ。キリンの先祖に近い姿だと言われているよ。
77,normal,まるで笑っているかのような名前の動物がいます。実在するのはどれでしょうか？,クスクス,ニコニコ,クスクス,ゲラゲラ,ケタケタ,ニコニコ、という名前の動物は、実在しないよ。,クスクス、という名前の動物は実在するよ。オーストラリアに棲息していて、カンガルーやコアラと同じように、子どもを育てるための袋を持っているよ。,ゲラゲラ、という名前の動物は、実在しないよ。,ケタケタ、という名前の動物は、実在しないよ。
78,normal,ブタの体脂肪率はどのくらいでしょうか？,体脂肪率１５％,体脂肪率１５％,体脂肪率３０％,体脂肪率４５％,体脂肪率６５％,そうなんだ、「ブタは太っている」というイメージがあるけど、ブタの体脂肪率は１５％と少ないんだよ。,「ブタは太っている」というイメージがあるけど、ブタの体脂肪率は、３０％もないよ。,「ブタは太っている」というイメージがあるけど、ブタの体脂肪率は、４５％もないよ。,「ブタは太っている」というイメージがあるけど、ブタの体脂肪率は、６５％もないよ。
79,hard,「流氷の天使」とも呼ばれる可愛らしい生き物「クリオネ」は何の仲間でしょうか？,貝,クラゲ,プランクトン,イカ,貝,クリオネは、クラゲの仲間ではないよ。殻を持たない巻貝の一種になるんだ。,クリオネは、プランクトンの仲間ではないよ。殻を持たない巻貝の一種になるんだ。,クリオネは、イカの仲間ではないよ。殻を持たない巻貝の一種になるんだ。,クリオネは、とてもそうは見えませんが殻を持たない巻貝の一種です。1月下旬に流氷とともに北海道の方にやって来ます。その可愛らしい姿が合わさって、「流氷の天使」と呼ばれるようになりました。
80,easy,ワニが水中で目を開けていられるのはなぜでしょうか？,目を保護する膜を持っているから,眼球が分厚くて水を弾いてくれるから,もの凄く我慢強いから,目を保護する膜を持っているから,水中で空気の泡を作って目の周りを囲んでいるから,ワニの目が水中で目を開けていられるのは、眼球が分厚くて水を弾いてくれるからじゃないよ。,ワニの目が水中で目を開けていられるのは、もの凄く我慢強いからじゃないよ。,ワニの目には、「瞬膜」という水中で目を守る膜があります。瞬膜が閉じると目がすりガラスのような状態になり、人間で言えばゴーグルを装着したような状態なので、水中でも目を開けていることができます。,ワニの目が水中で目を開けていられるのは、水中で空気の泡を作って目の周りを囲んでいるからじゃないよ。
81,normal,ネコ科の動物は、基本的に爪を出したり引っ込めたりできます。しかし、爪が出たままで引っ込めることができないネコ科もいます。それはなんでしょうか？,チーター,ライオン,チーター,トラ,ピューマ,ネコ科の動物の爪は、必要のないときは引っ込めることができます。ライオンも爪を引っ込めることができるので違うよ。,ネコ科の動物の爪は、必要のないときは引っ込めることができます。しかしチーターの場合は、生後10ヶ月あたりから引っ込めることができなくなります。チーターは最も早く走ることができる動物であり、その爪は武器であると同時にスパイクシューズのような役割も兼ね備えています。,ネコ科の動物の爪は、必要のないときは引っ込めることができます。トラも爪を引っ込めることができるので違うよ。,ネコ科の動物の爪は、必要のないときは引っ込めることができます。ピューマも爪を引っ込めることができるので違うよ。
82,hard,バクはおしっこをとても遠くまで飛ばすことができます。その飛距離はどのくらいでしょうか？,５m,１m,３m,５m,１０m,バクのおしっこは、１mよりももっと遠くに噴射されることがあるよ。,バクのおしっこは、３mよりももっと遠くに噴射されることがあるよ。,バクのおしっこは後ろ向きに霧状に散布され、最大で５mは噴射されることがあるよ。こうすることでバクはマーキングをし、自分の縄張りを主張しているんだ。,バクのおしっこは、さすがに１０mも遠くには噴射されないよ。
83,hard,ハゲワシはその名のとおり、頭に毛がない鳥です。その理由はなんでしょうか？,病気を予防できるから,その方が涼しいから,外敵が苦手な模様に見えるから,威嚇するため,病気を予防できるから,頭に毛がないから涼しそうだけど、理由は違うよ。,確かに外敵が苦手な模様に見えるけど、理由は違うよ。,頭に毛がないと、威嚇しているように見えるかもしれないけど、理由は違うよ。,ハゲワシは、動物の死骸に頭をつっこんで食事をします。頭に毛があると菌が繁殖して病気になりやすいから、病気から身を守るため頭に毛がないよ。
84,normal,世界最大のネズミの仲間「カピバラ」の走る速さはどのくらいでしょうか？,時速５０km,時速１０km,時速２０km,時速３５km,時速５０km,カピバラは、のんびりしたイメージを持たれがちな動物ですが、時速１０kmよりも速く走るよ。,カピバラは、のんびりしたイメージを持たれがちな動物ですが、時速２０kmよりも速く走るよ。,カピバラは、のんびりしたイメージを持たれがちな動物ですが、時速３５kmよりも速く走るよ。,カピバラは、のんびりしたイメージを持たれがちな動物ですが、天敵から逃げるために時速５０kmもの速さで走ることができるよ。
85,hard,クジラとイルカの違いはなんでしょうか？,大きさが一定以上かそれ以下か,知能が一定以上かそれ以下か,大きさが一定以上かそれ以下か,どのくらいの深さまで潜れるか,高くジャンプできるかそうでないか,クジラとイルカは、どちらも「クジラ目」に分類される生き物です。知能が一定以上かそれ以下か、という違いの分類ではないよ。,クジラとイルカは、どちらも「クジラ目」に分類される生き物です。「大人になった時の体長が4mを越すものはクジラ・それ以下はイルカ」というように、大きさが一定以上かそれ以下か、という違いで分類されているよ。,クジラとイルカは、どちらも「クジラ目」に分類される生き物です。どのくらいの深さまで潜れるか、という違いの分類ではないよ。,クジラとイルカは、どちらも「クジラ目」に分類される生き物です。高くジャンプできるかそうでないか、という違いの分類ではないよ。
86,normal,クアッカワラビーは、いつもニコニコと笑っているかのように見える顔をしています。そのことから付けられた別名はなんでしょうか？,世界一幸せな動物,世界一幸せな動物,世界一平和な動物,世界一楽しそうな動物,世界一かわいい動物,クアッカワラビーは、オーストラリアに棲息する動物です。特徴的なのは、まるでニコニコと笑っているかのような可愛らしい顔です。そのことから、「世界一幸せな動物」とも呼ばれるようになりました。,クアッカワラビーは、オーストラリアに棲息する動物です。別名は「世界一平和な動物」ではないよ。,クアッカワラビーは、オーストラリアに棲息する動物です。別名は「世界一楽しそうな動物」ではないよ。,クアッカワラビーは、オーストラリアに棲息する動物です。別名は「世界一かわいい動物」ではないよ。
87,easy,馬が歯を見せる表情をすることがありますが、この時の馬はなにをしているのでしょうか？,匂いを感じ取ろうとしている,目の前の相手を威嚇している,匂いを感じ取ろうとしている,歯に挟まったエサを取ろうと頑張っている,笑っている,馬が歯を見せる表情は、目の前の相手を威嚇している訳ではないよ。,その通り、馬が歯を見せる表情は、匂いを感じ取ろうとしているんだ。「フレーメン反応」と呼ばれるもので、匂いの成分をより多く感じ取ろうとする時に見せるよ。繁殖期を迎えたメスが近くにいる時や、アルコールなどの刺激のある匂いを感じた時によく見られるよ。,馬が歯を見せる表情は、歯に挟まったエサを取ろうと頑張っている訳ではないよ。,馬が歯を見せる表情は、「馬が笑っている」と言われることがあるけど、それは間違いだよ。
88,easy,ネズミも笑い声をあげる動物です。しかし、その声は人間には聞こえません。その理由はなんでしょうか？,声が高すぎるから,声が高すぎるから,声が小さすぎるから,声が低すぎるから,声が響かないから,人間の耳が聞き取れる音は、およそ20Hz（ヘルツ）～20000Hzと言われているよ。しかし、ネズミの笑い声は、50000Hzという若い人でも聞き取れないレベルの甲高いものだから聞き取れないんだ。,人間の耳が聞き取れる音は、およそ20Hz（ヘルツ）～20000Hzと言われているよ。しかし、ネズミの笑い声は、声が小さいから聞こえない訳じゃないんだ。,人間の耳が聞き取れる音は、およそ20Hz（ヘルツ）～20000Hzと言われているよ。しかし、ネズミの笑い声は、声が低すぎるから聞こえない訳じゃないんだ。,人間の耳が聞き取れる音は、およそ20Hz（ヘルツ）～20000Hzと言われているよ。しかし、ネズミの笑い声は、声が響かないから聞こえない訳じゃないんだ。
89,easy,目が見えない人を助ける「盲導犬」。彼らに指示を出すために使われるのは日本語ではありません。では、どの国の言葉で指示を出しているでしょうか？,英語,英語,フランス語,ドイツ語,ロシア語,盲導犬には、「ゴー（進め）」・「ライト（右へ）」・「レフト（左へ）」といった具合に英語で指示を出します。性別や地域に関係なく同じ指示を出せる言葉として、盲導犬への指示には英語が採用されるようになりました。,盲導犬に指示を出す言葉は、フランス語ではないよ。,盲導犬に指示を出す言葉は、ドイツ語ではないよ。,盲導犬に指示を出す言葉は、ロシア語ではないよ。
90,normal,フラミンゴが水の中で片足立ちをする理由はなんでしょうか？,体温が下がり過ぎないようにするため,逆に２本足だと上手く立てないから,バランス感覚が良いオスがモテるから,体温が下がり過ぎないようにするため,敵から逃げる時に逃げやすいから,フラミンゴは、水辺で生活する鳥です。２本足だと上手く立てない訳ではないよ。温かい時期は２本足で立っているよ。,フラミンゴは、水辺で生活する鳥です。バランス感覚の良いオスがモテるから片足立ちする訳ではないよ。,フラミンゴは、水辺で生活する鳥です。両足を水に入れたまま過ごすと体温が下がり過ぎてしまうため、それを防ぐために交互に足を入れ替えながら片足で立つようになったと言われているよ。,フラミンゴは、水辺で生活する鳥です。敵から逃げやすくするために片足立ちしている訳ではないよ。
91,easy,犬はどこで体温調整をしているでしょうか？,舌,耳,舌,足の裏,おなか,犬は人間のように汗をかいて体温を下げることができないけど、耳で体温調節している訳ではないよ。,犬は人間のように汗をかいて体温を下げることができないため、舌を出して唾液を蒸発させることで体温を下げています。,犬は人間のように汗をかいて体温を下げることができないけど、足の裏で体温調節している訳ではないよ。,犬は人間のように汗をかいて体温を下げることができないけど、おなかで体温調節している訳ではないよ。
92,easy,キリンの舌は何色でしょうか？,黒色,赤色,黄色,黒色,茶色,キリンは、長い舌を使って木の上の葉を食べています。キリンの舌は赤色じゃないよ。,キリンは、長い舌を使って木の上の葉を食べています。キリンの舌は黄色じゃないよ。,キリンは、長い舌を使って木の上の葉を食べています。舌が日光に当たる時間が長くなるので、紫外線から守るためにキリンの舌にはメラニン色素がついて黒っぽい色になったと言われているよ。,キリンは、長い舌を使って木の上の葉を食べています。キリンの舌は茶色じゃないよ。
93,normal,リスが松ぼっくりを食べた後の残骸は、あるものの形に似ています。それはなんでしょうか？,エビフライ,たい焼き,ギョウザ,たこ焼き,エビフライ,リスが松ぼっくりを食べた後の残骸は、たい焼きの形ではないよ。,リスが松ぼっくりを食べた後の残骸は、ギョウザの形ではないよ。,リスが松ぼっくりを食べた後の残骸は、たこ焼きの形ではないよ。,リスが松ぼっくりを食べた後の残骸は、エビフライの形に似ているよ。森の中にのエビフライのようなものが落ちていたら、それはリスが食べた松ぼっくりの残骸です。リスは松ぼっくりの中に入っているマツの実を食べるために器用に外側を剥いているため、そのような形になります。
94,easy,犬や猫にとっては毒になってしまう食べ物はどれでしょうか？,チョコレート,ささみ,チョコレート,食パン,じゃがいも,ささみは、犬や猫にとって毒にはなりません。,チョコレートは人間にとっては美味しいお菓子ですが、犬や猫にとっては毒になってしまいます。,食パンは、犬や猫にとって毒にはなりません。,じゃがいもは、犬や猫にとって毒にはなりません。
95,normal,働きアリは1日に何時間寝るでしょうか？,眠らない,１時間,４時間,８時間,眠らない,働きアリは眠らず、ほぼ1日中ずっと働いていて、短い休憩をとるだけです。寝る時間は、１時間ではありません。,働きアリは眠らず、ほぼ1日中ずっと働いていて、短い休憩をとるだけです。寝る時間は、４時間ではありません。,働きアリは眠らず、ほぼ1日中ずっと働いていて、短い休憩をとるだけです。寝る時間は、８時間ではありません。,働きアリは眠らず、ほぼ1日中ずっと働いています。ただ、ずっと動き続けることはできないので、１分くらいの短い休憩を１日に２５０回ほど（合計で約４時間）とっているそうです。
96,hard,牛のほとんどはある特定の方向を向いて食事をしていることが分かっています。その方向として正しいものはどれくらいでしょうか？,南か北,南か北,東か西,牛の性別によって変わる,季節によって変わる,牛のほとんどは、食事や休憩中に北か南を向いていることが分かっています。しかし、その理由までは分かっていません。,牛のほとんどは、東か西を向いて食事や休憩はしていません。,牛のほとんどは、牛の性別によって食事や休憩をする方向が決まっている訳ではありません。,牛のほとんどは、季節によって食事や休憩をする方向が決まっている訳ではありません。
97,hard,コアラはユーカリの葉を食べるのは有名な話ですが、じつはそれ以外のものを食べることがあります。それはなんでしょうか？,土,木の表皮,鳥の羽,土,砂などの小さな石,コアラは、木の表皮は食べません。,コアラは、鳥の羽は食べません。,コアラは土を食べることで、鉄分などのミネラルを摂取しています。,コアラは、砂などの小さな石は食べません。
98,normal,タコの口はどこにあるでしょうか？,足のつけ根,顔,足のつけ根,頭の上,吸盤,タコの口は、顔にある突起部分ではありません。突起部分からは、墨やうんちを吐き出しています。,タコの口は、足のつけ根についています。,タコの口は、頭の上ではありません。,タコの口は、吸盤にはありません。
99,easy,サイには「シロサイ」と「クロサイ」がいますが、体の色では見分けがつきません。では、見分けるポイントはどこでしょうか？,口の形,口の形,角の固さ,耳の長さ,体の大きさ,見分けるポイントは、口の形です。シロサイは口が広いため、地面の草を食べやすい形で、クロサイは口が尖っていて、木の葉や木の実を食べやすい形という特徴があります。,見分けるポイントは、角の固さではありません。,見分けるポイントは、耳の長さではありません。,見分けるポイントは、体の大きさではありません。
100,normal,カモシカは名前に「シカ」と入っていますが、分類的には別の生き物の仲間です。それはどれでしょうか？,牛,ゾウ,ウマ,牛,ブタ,カモシカは、ゾウの分類ではありません。,カモシカは、ウマの分類ではありません。,カモシカは名前に「シカ」とついていますが、分類的にはウシ科になるため牛の仲間です。,カモシカは、ブタの分類ではありません。
101,normal,かむ力が非常に強い動物で実在する名前は、次のうちどれでしょうか？,カミツキガメ,カミツキザメ,カミツキザル,カミツキワシ,カミツキガメ,カミツキザメという、実名や別名はありません。,カミツキザルという、実名や別名はありません。,カミツキワシという、実名や別名はありません。,その通り、カミツキガメは非常にかむ力が強いので危険です。
102,hard,スズメバチが針を刺す行為について、正しい物はどれでしょうか？,何度でも針を刺すことができる,樹液を吸いやすいよう木の幹を刺す,何度でも針を刺すことができる,オスもメスも刺すことができる,動物の血を吸うために刺す,スズメバチは、樹液を吸いやすいよう木の幹を刺していません。樹液は吸いますが、針で吸っていません。,スズメバチは、ミツバチのように針先に「返し」がついていないので、何度でも針を刺すことができます。,スズメバチは、メスだけが針をもっているので、「オスもメスも刺すことができる」というのは誤りです。,スズメバチは、蚊のように動物の血を吸うために刺すことはありません。
103,normal,インドネシアのコモド島などに生息する、「コモドドラゴン」は世界最大級の何でしょうか？,トカゲ,トカゲ,ヘビ,ワニ,カエル,「コモドドラゴン」は、トカゲに分類されます。公式記録では、最大の全長は3.13m、体重は166kgあったとされています。,「コモドドラゴン」は、ヘビの分類ではありません。,「コモドドラゴン」は、ワニの分類ではありません。,「コモドドラゴン」は、カエルの分類ではありません。
104,hard,ビーバーの歯の特徴は何でしょう？,一生伸び続ける,抜けてもまた生えてくる,大人になると色が変わる,大人になると歯が短くなる,一生伸び続ける,ビーバーの歯は、抜けてもまた生えてくるというのが特徴じゃないよ。,ビーバーの歯は、大人になると色が変わるというのが特徴じゃないよ。,ビーバーの歯は、大人になると歯が短くなるというのが特徴じゃないよ。,ビーバーの歯は、死ぬまで成長し続けるよ。いろいろな物を噛んで、ちょうど良い長さに調節しているよ。もし、伸ばし続けてしまうと、最終的には歯が脳まで達して死んでしまうそうなんだ。 
105,easy,人間の指紋のように同じものが２つと無い犬の身体の一部はどこ？,鼻の模様,肉球,犬歯,鼻の模様,しっぽ,同じものが２つと無い犬の身体の一部は、肉球じゃないよ。,同じものが２つと無い犬の身体の一部は、犬歯じゃないよ。,犬の鼻の模様は世界にひとつだけです！犬の世界で契約書があったら、鼻のスタンプを押すかもしれませんね！,同じものが２つと無い犬の身体の一部は、しっぽじゃないよ。
106,hard,ハチドリは一秒間に何回羽ばたけるでしょう？,８０回,１０回,５０回,８０回,１００回,ハチドリは一秒間に１０回以上羽ばたくよ。,ハチドリは一秒間に５０回以上羽ばたくよ。,そう、ハチドリは一秒間に８０回羽ばたくよ。 ハチドリは花の蜜を主食としているけど、餌とする花に止まれる枝がないから、ホバリング能力を進化させたんだ。,ハチドリは一秒間に１００回は羽ばたけないよ。
107,normal,この中で一番寿命が長いクジラは、何クジラでしょう？,ホッキョククジラ,シロナガスクジラ,ホッキョククジラ,マッコウクジラ,ザトウクジラ,シロナガスクジラの寿命は、最長１１０年という記録があるようだけど、ホッキョククジラにはかなわないね。,ホッキョククジラは体温が低く、代謝が少ないので、２００年以上生きられるそうです！もはや人間よりもずいぶん長生きでびっくりしますね！,マッコウクジラの寿命は、約７０年のようですが、ホッキョククジラの寿命にはかないません。,ザトウクジラの寿命は、最長７７年生きたザトウクジラもいるそうですが、ホッキョククジラにはかないません。
108,easy,ホッキョクグマの皮膚の色は何色でしょう？,黒,白,透明,黒,ピンク,ホッキョクグマは真っ白な体毛に覆われていますが、皮膚の色は白ではありません。,ホッキョクグマは真っ白な体毛に覆われていますが、皮膚の色は透明ではありません。,ホッキョクグマは真っ白な体毛に覆われていて意外ですが、皮膚の色は黒いそうです。,ホッキョクグマは真っ白な体毛に覆われていますが、皮膚の色はピンクではありません。
109,normal,ゾウは５キロ先の何を知覚することができるでしょう？,水の匂い,外敵の足音,花の色,空の状態,水の匂い,ゾウは、外敵の足音を５キロ先まで知覚することはできません。,ゾウは、花の色を５キロ先まで知覚することはできません。,ゾウは、空の状態を５キロ先まで知覚することはできません。,ゾウは、広いジャングルや森の中でも水の場所がわかるので、安心して移動できますね。ゾウの鼻はそんな遠くまで嗅ぐことができるのですね。
110,normal,コアラの特徴として正しいのはどれでしょう？,ほとんど水を飲まない,毎日大量の水を飲む,ほとんど水を飲まない,水浴びをすると死んでしまう,木の間を移動することはできない,コアラは、ユーカリから水分を摂っているのでいるので大量の水を飲むことはありません。,コアラは、ユーカリの葉を食べますが、水分もこのユーカリから摂っています。なので水を飲むことはとても珍しいです。,コアラは、水浴びをしても死ぬことはありません。,コアラは、生活する木の間を移動することはできます。
111,easy,闘牛の牛が興奮している理由として正しいのはどれでしょう？,布が揺れるのに興奮している,布が揺れるのに興奮している,赤い色に興奮している,お腹を空かせて興奮している,怒って興奮している,闘牛は、布が揺れるのに興奮するようです。闘牛士は布の扱いがとても上手で、牛の気持ちを絶妙に操っているそうです。赤い布のイメージがありますが、何色でもＯＫのようです。,闘牛は、赤い色に興奮している訳ではないそうです。,闘牛は、お腹を空かせて興奮している訳ではないようです。,闘牛は、怒って興奮している訳ではないようです。
112,normal,パンダの指は7本あると言われています。なぜそんなに指が多いのでしょうか？,物をつかみやすくするため,木に登りやすくするため,敵におそわれた時に強い力で反撃するため,気候の変化を感じるため,物をつかみやすくするため,パンダの指が7本あるのは、木に登りやすくするためが理由じゃないよ。,パンダの指が7本あるのは、敵におそわれた時に強い力で反撃するためが理由じゃないよ。,パンダの指が7本あるのは、気候の変化を感じるためが理由じゃないよ。,パンダは私たちと同じように5本の指があります。それに加えて、パンダの手には骨が変化した「2つのコブ」があります。その2つのコブがあることで、笹をつかみやすくしていると考えられています。厳密に言うと…2つのコブは指ではありませんが、「第6の指・第7の指」とも言われています。
113,normal,世界一寝ている時間が長い動物はなんでしょうか？,コアラ,コアラ,ナマケモノ,ラッコ,ゴリラ,コアラはユーカリという植物の葉を食べていますが、このユーカリには毒があります。コアラはユーカリの毒を分解できますが、それには時間がかかるので体力を残しておくためにも1日のほとんど（約22時間）を寝て過ごします。,よく寝ている動物と言えばナマケモノをイメージする人も多いかもしれませんが、コアラはそれ以上によく寝ます。ナマケモノの睡眠時間は約20時間で、コアラは約22時間です。,ラッコの睡眠時間は約11時間で、コアラは約22時間です。なので、コアラにはかなわないね。,ゴリラの睡眠時間は約12時間で、コアラは約22時間です。なので、コアラにはかなわないね。
114,easy,サイのツノは何でできているでしょうか？,皮ふ,骨,皮ふ,石,毛,サイのツノは、骨でできていません。実は「皮ふ」なのです。,サイのツノは、皮ふの一部が硬くなったもの（皮ふが角質化したもの）なんです。,サイのツノは、石でできていません。実は「皮ふ」なのです。,サイのツノは、体毛でできていません。実は「皮ふ」なのです。
115,easy,馬は鼻息が荒い動物です。その理由はなんでしょうか？,口では呼吸できないから,いつも興奮しているから,息をするのが下手くそだから,走りたくてウズウズしているから,口では呼吸できないから,馬は、いつも興奮しているから鼻息が荒いのではありません。口では呼吸できないので、鼻息が荒いのです。,馬は、息をするのが下手くそだから鼻息が荒いのではありません。口では呼吸できないので、鼻息が荒いのです。,馬は、走りたくてウズウズしているから鼻息が荒いのではありません。口では呼吸できないので、鼻息が荒いのです。,馬は鼻で呼吸することはできても、口では呼吸できません。なので、鼻息が荒いのです。
116,easy,ネズミをくすぐるとどうなるでしょうか？,笑う,笑う,怒る,泣く,何も反応しない,ネズミは、くすぐられると笑うことが分かっています。しかし、ネズミの笑い声は人間には聞こえません。,ネズミは、くすぐられると怒るのではなく、笑います。しかし、ネズミの笑い声は人間には聞こえません。,ネズミは、くすぐられると泣くのではなく、笑います。しかし、ネズミの笑い声は人間には聞こえません。,ネズミは、くすぐられると何も反応しないのではなく、笑います。しかし、ネズミの笑い声は人間には聞こえません。
117,normal,サイは火を見つけると消そうとします。どうやって消そうとするでしょうか？,踏みつけて消そうとする,ツバをかけて消そうとする,おしっこをかけて消そうとする,踏みつけて消そうとする,土をかけて消そうとする,サイは、火を見つけるとツバをかけて消そうとするのではなく、踏みつけて消そうとします。,サイは、火を見つけるとおしっこをかけて消そうとするのではなく、踏みつけて消そうとします。,サイは火を見つけると駆け寄って来て、踏みつけて消そうとする習性があります。そのことから、「森の消防士」とも呼ばれています。なぜ火を消そうとするのか…その理由はまだ分かっていません。,サイは、火を見つけると土をかけて消そうとするのではなく、踏みつけて消そうとします。
118,easy,キリンはどうやってケンカをするでしょうか？,首をぶつけ合う,ツバをかけ合う,首をぶつけ合う,足の速さで勝ち負けを決める,背の高さで競い合う,キリンはケンカをする時、ツバをかけ合うのではありません。首をぶつけ合います。,キリンはケンカをする時、長い首をお互いにぶつけ合います。かなり激しくぶつけ合う上に、どちらかが降参するまで続くので首を骨折してしまうこともあるようです。,キリンはケンカをする時、足の速さで勝ち負けを決めるのではありません。首をぶつけ合います。,キリンはケンカをする時、背の高さで競い合うのではありません。首をぶつけ合います。
119,normal,ライオンのたてがみは何のためにあるでしょうか？,強さをアピールするため,強さをアピールするため,寒さ対策,体を洗う時に泡立ちやすくするため,メスにモテるため,長くて濃いたてがみを持っているライオンのオスほど、強くたくましいオスであることが分かっています。立派なたてがみを持っていると体も大きく見えるため、他のオスからも怖がられてムダな戦いを避けることができます。,ライオンのたてがみは、寒さ対策ではないよ。強さをアピールして、ムダな戦いを避けているんだ。,ライオンのたてがみは、体を洗う時に泡立ちやすくするためではないよ。強さをアピールして、ムダな戦いを避けているんだ。,ライオンのたてがみは、メスにモテるためだけではないよ。強さをアピールして、ムダな戦いを避けているんだ。
120,normal,タヌキはびっくりするとどうなるでしょうか？,気絶する,逆立ちをする,全力で穴を掘る,気絶する,全力で逃げる,タヌキは、ビックリしても逆立ちはしないよ。臆病（おくびょう）な動物なので気絶するよ。,タヌキは、ビックリしても全力で穴を掘らないよ。臆病（おくびょう）な動物なので気絶するよ。,タヌキはかなり臆病（おくびょう）な動物です。びっくりするとすぐに気絶してしまいます。,タヌキには全力で逃げる余裕もないよ。臆病（おくびょう）な動物なので気絶するよ。
